都道府県,国籍,時点,人口
総数,総数,2024/06,3588956
北海道,総数,2024/06,60273
青森県,総数,2024/06,8045
岩手県,総数,2024/06,10644
宮城県,総数,2024/06,28330
秋田県,総数,2024/06,5571
山形県,総数,2024/06,10058
福島県,総数,2024/06,18936
茨城県,総数,2024/06,97038
栃木県,総数,2024/06,54493
群馬県,総数,2024/06,79470
埼玉県,総数,2024/06,249327
千葉県,総数,2024/06,219131
東京都,総数,2024/06,701955
神奈川県,総数,2024/06,280020
新潟県,総数,2024/06,22139
富山県,総数,2024/06,23382
石川県,総数,2024/06,20234
福井県,総数,2024/06,18937
山梨県,総数,2024/06,22547
長野県,総数,2024/06,44834
岐阜県,総数,2024/06,71617
静岡県,総数,2024/06,120314
愛知県,総数,2024/06,321041
三重県,総数,2024/06,66509
滋賀県,総数,2024/06,41490
京都府,総数,2024/06,79617
大阪府,総数,2024/06,317421
兵庫県,総数,2024/06,137044
奈良県,総数,2024/06,18320
和歌山県,総数,2024/06,9572
鳥取県,総数,2024/06,5864
島根県,総数,2024/06,10686
岡山県,総数,2024/06,37129
広島県,総数,2024/06,64419
山口県,総数,2024/06,20649
徳島県,総数,2024/06,8321
香川県,総数,2024/06,18415
愛媛県,総数,2024/06,17439
高知県,総数,2024/06,6379
福岡県,総数,2024/06,105049
佐賀県,総数,2024/06,10378
長崎県,総数,2024/06,14277
熊本県,総数,2024/06,27407
大分県,総数,2024/06,18954
宮崎県,総数,2024/06,10494
鹿児島県,総数,2024/06,17358
沖縄県,総数,2024/06,26996
未定・不詳,総数,2024/06,10433
総数,中国,2024/06,844187
北海道,中国,2024/06,9824
青森県,中国,2024/06,983
岩手県,中国,2024/06,1544
宮城県,中国,2024/06,5563
秋田県,中国,2024/06,947
山形県,中国,2024/06,1883
福島県,中国,2024/06,3086
茨城県,中国,2024/06,12532
栃木県,中国,2024/06,6328
群馬県,中国,2024/06,6603
埼玉県,中国,2024/06,81800
千葉県,中国,2024/06,59619
東京都,中国,2024/06,272328
神奈川県,中国,2024/06,78979
新潟県,中国,2024/06,4453
富山県,中国,2024/06,4360
石川県,中国,2024/06,3915
福井県,中国,2024/06,1987
山梨県,中国,2024/06,4458
長野県,中国,2024/06,8456
岐阜県,中国,2024/06,9300
静岡県,中国,2024/06,10360
愛知県,中国,2024/06,46122
三重県,中国,2024/06,6451
滋賀県,中国,2024/06,4745
京都府,中国,2024/06,18954
大阪府,中国,2024/06,81499
兵庫県,中国,2024/06,23762
奈良県,中国,2024/06,3093
和歌山県,中国,2024/06,1331
鳥取県,中国,2024/06,730
島根県,中国,2024/06,1083
岡山県,中国,2024/06,6967
広島県,中国,2024/06,12141
山口県,中国,2024/06,2392
徳島県,中国,2024/06,1613
香川県,中国,2024/06,3066
愛媛県,中国,2024/06,2617
高知県,中国,2024/06,937
福岡県,中国,2024/06,20998
佐賀県,中国,2024/06,1007
長崎県,中国,2024/06,2072
熊本県,中国,2024/06,3394
大分県,中国,2024/06,2277
宮崎県,中国,2024/06,877
鹿児島県,中国,2024/06,1705
沖縄県,中国,2024/06,2969
未定・不詳,中国,2024/06,2077
総数,ベトナム,2024/06,600348
北海道,ベトナム,2024/06,13287
青森県,ベトナム,2024/06,2381
岩手県,ベトナム,2024/06,2763
宮城県,ベトナム,2024/06,4977
秋田県,ベトナム,2024/06,1023
山形県,ベトナム,2024/06,2991
福島県,ベトナム,2024/06,4707
茨城県,ベトナム,2024/06,19279
栃木県,ベトナム,2024/06,11206
群馬県,ベトナム,2024/06,15222
埼玉県,ベトナム,2024/06,44300
千葉県,ベトナム,2024/06,35458
東京都,ベトナム,2024/06,50301
神奈川県,ベトナム,2024/06,37867
新潟県,ベトナム,2024/06,4807
富山県,ベトナム,2024/06,5758
石川県,ベトナム,2024/06,5548
福井県,ベトナム,2024/06,3873
山梨県,ベトナム,2024/06,4428
長野県,ベトナム,2024/06,7136
岐阜県,ベトナム,2024/06,14598
静岡県,ベトナム,2024/06,19133
愛知県,ベトナム,2024/06,61045
三重県,ベトナム,2024/06,13791
滋賀県,ベトナム,2024/06,10434
京都府,ベトナム,2024/06,10118
大阪府,ベトナム,2024/06,58529
兵庫県,ベトナム,2024/06,30342
奈良県,ベトナム,2024/06,4222
和歌山県,ベトナム,2024/06,2051
鳥取県,ベトナム,2024/06,1607
島根県,ベトナム,2024/06,1746
岡山県,ベトナム,2024/06,12012
広島県,ベトナム,2024/06,15308
山口県,ベトナム,2024/06,4890
徳島県,ベトナム,2024/06,2288
香川県,ベトナム,2024/06,4328
愛媛県,ベトナム,2024/06,4517
高知県,ベトナム,2024/06,1495
福岡県,ベトナム,2024/06,21884
佐賀県,ベトナム,2024/06,2875
長崎県,ベトナム,2024/06,3004
熊本県,ベトナム,2024/06,6779
大分県,ベトナム,2024/06,3672
宮崎県,ベトナム,2024/06,2914
鹿児島県,ベトナム,2024/06,5520
沖縄県,ベトナム,2024/06,2659
未定・不詳,ベトナム,2024/06,1275
総数,韓国,2024/06,411043
北海道,韓国,2024/06,4414
青森県,韓国,2024/06,676
岩手県,韓国,2024/06,690
宮城県,韓国,2024/06,2982
秋田県,韓国,2024/06,480
山形県,韓国,2024/06,1370
福島県,韓国,2024/06,1270
茨城県,韓国,2024/06,4031
栃木県,韓国,2024/06,2193
群馬県,韓国,2024/06,2041
埼玉県,韓国,2024/06,15621
千葉県,韓国,2024/06,15625
東京都,韓国,2024/06,92121
神奈川県,韓国,2024/06,27490
新潟県,韓国,2024/06,1575
富山県,韓国,2024/06,782
石川県,韓国,2024/06,1174
福井県,韓国,2024/06,1783
山梨県,韓国,2024/06,1641
長野県,韓国,2024/06,3069
岐阜県,韓国,2024/06,3154
静岡県,韓国,2024/06,4244
愛知県,韓国,2024/06,26289
三重県,韓国,2024/06,3735
滋賀県,韓国,2024/06,3699
京都府,韓国,2024/06,20811
大阪府,韓国,2024/06,87808
兵庫県,韓国,2024/06,34827
奈良県,韓国,2024/06,3046
和歌山県,韓国,2024/06,1766
鳥取県,韓国,2024/06,792
島根県,韓国,2024/06,536
岡山県,韓国,2024/06,4170
広島県,韓国,2024/06,6450
山口県,韓国,2024/06,4363
徳島県,韓国,2024/06,293
香川県,韓国,2024/06,777
愛媛県,韓国,2024/06,1047
高知県,韓国,2024/06,429
福岡県,韓国,2024/06,14493
佐賀県,韓国,2024/06,574
長崎県,韓国,2024/06,1062
熊本県,韓国,2024/06,1047
大分県,韓国,2024/06,1636
宮崎県,韓国,2024/06,489
鹿児島県,韓国,2024/06,494
沖縄県,韓国,2024/06,1484
未定・不詳,韓国,2024/06,500
総数,フィリピン,2024/06,332293
北海道,フィリピン,2024/06,3342
青森県,フィリピン,2024/06,911
岩手県,フィリピン,2024/06,1548
宮城県,フィリピン,2024/06,1747
秋田県,フィリピン,2024/06,979
山形県,フィリピン,2024/06,1040
福島県,フィリピン,2024/06,3014
茨城県,フィリピン,2024/06,11631
栃木県,フィリピン,2024/06,5511
群馬県,フィリピン,2024/06,9395
埼玉県,フィリピン,2024/06,24658
千葉県,フィリピン,2024/06,22500
東京都,フィリピン,2024/06,36948
神奈川県,フィリピン,2024/06,26826
新潟県,フィリピン,2024/06,3174
富山県,フィリピン,2024/06,2852
石川県,フィリピン,2024/06,1594
福井県,フィリピン,2024/06,2221
山梨県,フィリピン,2024/06,2386
長野県,フィリピン,2024/06,5488
岐阜県,フィリピン,2024/06,15908
静岡県,フィリピン,2024/06,20251
愛知県,フィリピン,2024/06,45852
三重県,フィリピン,2024/06,8553
滋賀県,フィリピン,2024/06,3277
京都府,フィリピン,2024/06,3119
大阪府,フィリピン,2024/06,11835
兵庫県,フィリピン,2024/06,6515
奈良県,フィリピン,2024/06,1053
和歌山県,フィリピン,2024/06,945
鳥取県,フィリピン,2024/06,730
島根県,フィリピン,2024/06,1111
岡山県,フィリピン,2024/06,2530
広島県,フィリピン,2024/06,10194
山口県,フィリピン,2024/06,2112
徳島県,フィリピン,2024/06,941
香川県,フィリピン,2024/06,2750
愛媛県,フィリピン,2024/06,3780
高知県,フィリピン,2024/06,898
福岡県,フィリピン,2024/06,6891
佐賀県,フィリピン,2024/06,897
長崎県,フィリピン,2024/06,1650
熊本県,フィリピン,2024/06,3952
大分県,フィリピン,2024/06,1999
宮崎県,フィリピン,2024/06,1019
鹿児島県,フィリピン,2024/06,2548
沖縄県,フィリピン,2024/06,2673
未定・不詳,フィリピン,2024/06,545
総数,ブラジル,2024/06,212325
北海道,ブラジル,2024/06,181
青森県,ブラジル,2024/06,35
岩手県,ブラジル,2024/06,107
宮城県,ブラジル,2024/06,159
秋田県,ブラジル,2024/06,12
山形県,ブラジル,2024/06,88
福島県,ブラジル,2024/06,215
茨城県,ブラジル,2024/06,6068
栃木県,ブラジル,2024/06,3996
群馬県,ブラジル,2024/06,13829
埼玉県,ブラジル,2024/06,7415
千葉県,ブラジル,2024/06,3617
東京都,ブラジル,2024/06,4391
神奈川県,ブラジル,2024/06,9474
新潟県,ブラジル,2024/06,305
富山県,ブラジル,2024/06,2541
石川県,ブラジル,2024/06,1716
福井県,ブラジル,2024/06,4780
山梨県,ブラジル,2024/06,2782
長野県,ブラジル,2024/06,4858
岐阜県,ブラジル,2024/06,12302
静岡県,ブラジル,2024/06,32526
愛知県,ブラジル,2024/06,61305
三重県,ブラジル,2024/06,13967
滋賀県,ブラジル,2024/06,9618
京都府,ブラジル,2024/06,603
大阪府,ブラジル,2024/06,2776
兵庫県,ブラジル,2024/06,2409
奈良県,ブラジル,2024/06,329
和歌山県,ブラジル,2024/06,113
鳥取県,ブラジル,2024/06,35
島根県,ブラジル,2024/06,3838
岡山県,ブラジル,2024/06,938
広島県,ブラジル,2024/06,2319
山口県,ブラジル,2024/06,309
徳島県,ブラジル,2024/06,40
香川県,ブラジル,2024/06,180
愛媛県,ブラジル,2024/06,244
高知県,ブラジル,2024/06,24
福岡県,ブラジル,2024/06,414
佐賀県,ブラジル,2024/06,33
長崎県,ブラジル,2024/06,64
熊本県,ブラジル,2024/06,78
大分県,ブラジル,2024/06,82
宮崎県,ブラジル,2024/06,57
鹿児島県,ブラジル,2024/06,114
沖縄県,ブラジル,2024/06,921
未定・不詳,ブラジル,2024/06,118
総数,ネパール,2024/06,206898
北海道,ネパール,2024/06,2453
青森県,ネパール,2024/06,224
岩手県,ネパール,2024/06,308
宮城県,ネパール,2024/06,3099
秋田県,ネパール,2024/06,139
山形県,ネパール,2024/06,229
福島県,ネパール,2024/06,1175
茨城県,ネパール,2024/06,3425
栃木県,ネパール,2024/06,3414
群馬県,ネパール,2024/06,5587
埼玉県,ネパール,2024/06,14066
千葉県,ネパール,2024/06,16999
東京都,ネパール,2024/06,43148
神奈川県,ネパール,2024/06,13631
新潟県,ネパール,2024/06,972
富山県,ネパール,2024/06,403
石川県,ネパール,2024/06,650
福井県,ネパール,2024/06,403
山梨県,ネパール,2024/06,954
長野県,ネパール,2024/06,1393
岐阜県,ネパール,2024/06,2437
静岡県,ネパール,2024/06,5502
愛知県,ネパール,2024/06,16750
三重県,ネパール,2024/06,2723
滋賀県,ネパール,2024/06,694
京都府,ネパール,2024/06,4667
大阪府,ネパール,2024/06,17398
兵庫県,ネパール,2024/06,7963
奈良県,ネパール,2024/06,891
和歌山県,ネパール,2024/06,439
鳥取県,ネパール,2024/06,205
島根県,ネパール,2024/06,273
岡山県,ネパール,2024/06,1399
広島県,ネパール,2024/06,2427
山口県,ネパール,2024/06,961
徳島県,ネパール,2024/06,272
香川県,ネパール,2024/06,523
愛媛県,ネパール,2024/06,484
高知県,ネパール,2024/06,143
福岡県,ネパール,2024/06,16191
佐賀県,ネパール,2024/06,1207
長崎県,ネパール,2024/06,1426
熊本県,ネパール,2024/06,1602
大分県,ネパール,2024/06,1115
宮崎県,ネパール,2024/06,460
鹿児島県,ネパール,2024/06,732
沖縄県,ネパール,2024/06,4873
未定・不詳,ネパール,2024/06,469
総数,インドネシア,2024/06,173813
北海道,インドネシア,2024/06,7676
青森県,インドネシア,2024/06,837
岩手県,インドネシア,2024/06,1234
宮城県,インドネシア,2024/06,2419
秋田県,インドネシア,2024/06,427
山形県,インドネシア,2024/06,513
福島県,インドネシア,2024/06,1452
茨城県,インドネシア,2024/06,9348
栃木県,インドネシア,2024/06,3438
群馬県,インドネシア,2024/06,5741
埼玉県,インドネシア,2024/06,9150
千葉県,インドネシア,2024/06,8798
東京都,インドネシア,2024/06,11215
神奈川県,インドネシア,2024/06,9322
新潟県,インドネシア,2024/06,1671
富山県,インドネシア,2024/06,2160
石川県,インドネシア,2024/06,1819
福井県,インドネシア,2024/06,1131
山梨県,インドネシア,2024/06,829
長野県,インドネシア,2024/06,3911
岐阜県,インドネシア,2024/06,3712
静岡県,インドネシア,2024/06,6579
愛知県,インドネシア,2024/06,14112
三重県,インドネシア,2024/06,3865
滋賀県,インドネシア,2024/06,2519
京都府,インドネシア,2024/06,2704
大阪府,インドネシア,2024/06,10063
兵庫県,インドネシア,2024/06,4602
奈良県,インドネシア,2024/06,996
和歌山県,インドネシア,2024/06,629
鳥取県,インドネシア,2024/06,443
島根県,インドネシア,2024/06,537
岡山県,インドネシア,2024/06,3242
広島県,インドネシア,2024/06,5133
山口県,インドネシア,2024/06,1972
徳島県,インドネシア,2024/06,976
香川県,インドネシア,2024/06,3004
愛媛県,インドネシア,2024/06,1610
高知県,インドネシア,2024/06,972
福岡県,インドネシア,2024/06,5416
佐賀県,インドネシア,2024/06,1602
長崎県,インドネシア,2024/06,1512
熊本県,インドネシア,2024/06,3062
大分県,インドネシア,2024/06,2370
宮崎県,インドネシア,2024/06,2204
鹿児島県,インドネシア,2024/06,3062
沖縄県,インドネシア,2024/06,2738
未定・不詳,インドネシア,2024/06,1086
総数,ミャンマー,2024/06,110306
北海道,ミャンマー,2024/06,3952
青森県,ミャンマー,2024/06,413
岩手県,ミャンマー,2024/06,669
宮城県,ミャンマー,2024/06,1477
秋田県,ミャンマー,2024/06,220
山形県,ミャンマー,2024/06,443
福島県,ミャンマー,2024/06,926
茨城県,ミャンマー,2024/06,2313
栃木県,ミャンマー,2024/06,1443
群馬県,ミャンマー,2024/06,2943
埼玉県,ミャンマー,2024/06,6592
千葉県,ミャンマー,2024/06,5237
東京都,ミャンマー,2024/06,24800
神奈川県,ミャンマー,2024/06,4946
新潟県,ミャンマー,2024/06,829
富山県,ミャンマー,2024/06,609
石川県,ミャンマー,2024/06,931
福井県,ミャンマー,2024/06,737
山梨県,ミャンマー,2024/06,598
長野県,ミャンマー,2024/06,1022
岐阜県,ミャンマー,2024/06,2146
静岡県,ミャンマー,2024/06,3842
愛知県,ミャンマー,2024/06,5887
三重県,ミャンマー,2024/06,1508
滋賀県,ミャンマー,2024/06,893
京都府,ミャンマー,2024/06,1828
大阪府,ミャンマー,2024/06,7446
兵庫県,ミャンマー,2024/06,4162
奈良県,ミャンマー,2024/06,1075
和歌山県,ミャンマー,2024/06,397
鳥取県,ミャンマー,2024/06,338
島根県,ミャンマー,2024/06,364
岡山県,ミャンマー,2024/06,1520
広島県,ミャンマー,2024/06,1547
山口県,ミャンマー,2024/06,988
徳島県,ミャンマー,2024/06,408
香川県,ミャンマー,2024/06,1021
愛媛県,ミャンマー,2024/06,1078
高知県,ミャンマー,2024/06,315
福岡県,ミャンマー,2024/06,3955
佐賀県,ミャンマー,2024/06,932
長崎県,ミャンマー,2024/06,946
熊本県,ミャンマー,2024/06,1591
大分県,ミャンマー,2024/06,1879
宮崎県,ミャンマー,2024/06,810
鹿児島県,ミャンマー,2024/06,1172
沖縄県,ミャンマー,2024/06,711
未定・不詳,ミャンマー,2024/06,447
総数,台湾,2024/06,67277
北海道,台湾,2024/06,1570
青森県,台湾,2024/06,88
岩手県,台湾,2024/06,124
宮城県,台湾,2024/06,468
秋田県,台湾,2024/06,49
山形県,台湾,2024/06,136
福島県,台湾,2024/06,149
茨城県,台湾,2024/06,1348
栃木県,台湾,2024/06,989
群馬県,台湾,2024/06,454
埼玉県,台湾,2024/06,3385
千葉県,台湾,2024/06,4084
東京都,台湾,2024/06,23438
神奈川県,台湾,2024/06,6182
新潟県,台湾,2024/06,304
富山県,台湾,2024/06,180
石川県,台湾,2024/06,232
福井県,台湾,2024/06,118
山梨県,台湾,2024/06,579
長野県,台湾,2024/06,785
岐阜県,台湾,2024/06,193
静岡県,台湾,2024/06,841
愛知県,台湾,2024/06,2216
三重県,台湾,2024/06,433
滋賀県,台湾,2024/06,274
京都府,台湾,2024/06,2088
大阪府,台湾,2024/06,7629
兵庫県,台湾,2024/06,2217
奈良県,台湾,2024/06,363
和歌山県,台湾,2024/06,134
鳥取県,台湾,2024/06,62
島根県,台湾,2024/06,57
岡山県,台湾,2024/06,197
広島県,台湾,2024/06,411
山口県,台湾,2024/06,123
徳島県,台湾,2024/06,54
香川県,台湾,2024/06,126
愛媛県,台湾,2024/06,112
高知県,台湾,2024/06,66
福岡県,台湾,2024/06,1354
佐賀県,台湾,2024/06,52
長崎県,台湾,2024/06,140
熊本県,台湾,2024/06,1753
大分県,台湾,2024/06,197
宮崎県,台湾,2024/06,50
鹿児島県,台湾,2024/06,135
沖縄県,台湾,2024/06,963
未定・不詳,台湾,2024/06,375
総数,米国,2024/06,64842
北海道,米国,2024/06,1520
青森県,米国,2024/06,405
岩手県,米国,2024/06,220
宮城県,米国,2024/06,717
秋田県,米国,2024/06,224
山形県,米国,2024/06,210
福島県,米国,2024/06,298
茨城県,米国,2024/06,900
栃木県,米国,2024/06,555
群馬県,米国,2024/06,554
埼玉県,米国,2024/06,2269
千葉県,米国,2024/06,2647
東京都,米国,2024/06,22007
神奈川県,米国,2024/06,6871
新潟県,米国,2024/06,373
富山県,米国,2024/06,236
石川県,米国,2024/06,336
福井県,米国,2024/06,209
山梨県,米国,2024/06,377
長野県,米国,2024/06,773
岐阜県,米国,2024/06,443
静岡県,米国,2024/06,879
愛知県,米国,2024/06,2461
三重県,米国,2024/06,334
滋賀県,米国,2024/06,393
京都府,米国,2024/06,1930
大阪府,米国,2024/06,3706
兵庫県,米国,2024/06,2610
奈良県,米国,2024/06,426
和歌山県,米国,2024/06,188
鳥取県,米国,2024/06,89
島根県,米国,2024/06,159
岡山県,米国,2024/06,429
広島県,米国,2024/06,822
山口県,米国,2024/06,486
徳島県,米国,2024/06,184
香川県,米国,2024/06,199
愛媛県,米国,2024/06,241
高知県,米国,2024/06,178
福岡県,米国,2024/06,1707
佐賀県,米国,2024/06,122
長崎県,米国,2024/06,517
熊本県,米国,2024/06,438
大分県,米国,2024/06,331
宮崎県,米国,2024/06,237
鹿児島県,米国,2024/06,311
沖縄県,米国,2024/06,2830
未定・不詳,米国,2024/06,491
総数,タイ,2024/06,63689
北海道,タイ,2024/06,1471
青森県,タイ,2024/06,170
岩手県,タイ,2024/06,220
宮城県,タイ,2024/06,429
秋田県,タイ,2024/06,96
山形県,タイ,2024/06,203
福島県,タイ,2024/06,389
茨城県,タイ,2024/06,5512
栃木県,タイ,2024/06,2076
群馬県,タイ,2024/06,1365
埼玉県,タイ,2024/06,4233
千葉県,タイ,2024/06,6996
東京都,タイ,2024/06,9103
神奈川県,タイ,2024/06,4858
新潟県,タイ,2024/06,477
富山県,タイ,2024/06,228
石川県,タイ,2024/06,348
福井県,タイ,2024/06,302
山梨県,タイ,2024/06,674
長野県,タイ,2024/06,2654
岐阜県,タイ,2024/06,1001
静岡県,タイ,2024/06,1788
愛知県,タイ,2024/06,4372
三重県,タイ,2024/06,1952
滋賀県,タイ,2024/06,547
京都府,タイ,2024/06,1031
大阪府,タイ,2024/06,3078
兵庫県,タイ,2024/06,1414
奈良県,タイ,2024/06,513
和歌山県,タイ,2024/06,582
鳥取県,タイ,2024/06,90
島根県,タイ,2024/06,151
岡山県,タイ,2024/06,436
広島県,タイ,2024/06,1535
山口県,タイ,2024/06,315
徳島県,タイ,2024/06,82
香川県,タイ,2024/06,159
愛媛県,タイ,2024/06,170
高知県,タイ,2024/06,76
福岡県,タイ,2024/06,854
佐賀県,タイ,2024/06,100
長崎県,タイ,2024/06,118
熊本県,タイ,2024/06,450
大分県,タイ,2024/06,338
宮崎県,タイ,2024/06,78
鹿児島県,タイ,2024/06,115
沖縄県,タイ,2024/06,333
未定・不詳,タイ,2024/06,207
総数,スリランカ,2024/06,56179
北海道,スリランカ,2024/06,589
青森県,スリランカ,2024/06,34
岩手県,スリランカ,2024/06,27
宮城県,スリランカ,2024/06,617
秋田県,スリランカ,2024/06,163
山形県,スリランカ,2024/06,38
福島県,スリランカ,2024/06,230
茨城県,スリランカ,2024/06,5012
栃木県,スリランカ,2024/06,2951
群馬県,スリランカ,2024/06,1785
埼玉県,スリランカ,2024/06,3445
千葉県,スリランカ,2024/06,9782
東京都,スリランカ,2024/06,4530
神奈川県,スリランカ,2024/06,6686
新潟県,スリランカ,2024/06,316
富山県,スリランカ,2024/06,64
石川県,スリランカ,2024/06,76
福井県,スリランカ,2024/06,70
山梨県,スリランカ,2024/06,194
長野県,スリランカ,2024/06,458
岐阜県,スリランカ,2024/06,967
静岡県,スリランカ,2024/06,2579
愛知県,スリランカ,2024/06,4299
三重県,スリランカ,2024/06,1500
滋賀県,スリランカ,2024/06,130
京都府,スリランカ,2024/06,1358
大阪府,スリランカ,2024/06,2154
兵庫県,スリランカ,2024/06,999
奈良県,スリランカ,2024/06,395
和歌山県,スリランカ,2024/06,91
鳥取県,スリランカ,2024/06,35
島根県,スリランカ,2024/06,8
岡山県,スリランカ,2024/06,319
広島県,スリランカ,2024/06,321
山口県,スリランカ,2024/06,117
徳島県,スリランカ,2024/06,68
香川県,スリランカ,2024/06,85
愛媛県,スリランカ,2024/06,107
高知県,スリランカ,2024/06,25
福岡県,スリランカ,2024/06,1413
佐賀県,スリランカ,2024/06,183
長崎県,スリランカ,2024/06,157
熊本県,スリランカ,2024/06,218
大分県,スリランカ,2024/06,658
宮崎県,スリランカ,2024/06,71
鹿児島県,スリランカ,2024/06,100
沖縄県,スリランカ,2024/06,327
未定・不詳,スリランカ,2024/06,428
総数,インド,2024/06,51345
北海道,インド,2024/06,1548
青森県,インド,2024/06,52
岩手県,インド,2024/06,105
宮城県,インド,2024/06,305
秋田県,インド,2024/06,40
山形県,インド,2024/06,57
福島県,インド,2024/06,208
茨城県,インド,2024/06,2085
栃木県,インド,2024/06,1240
群馬県,インド,2024/06,1310
埼玉県,インド,2024/06,2239
千葉県,インド,2024/06,2583
東京都,インド,2024/06,19290
神奈川県,インド,2024/06,8161
新潟県,インド,2024/06,140
富山県,インド,2024/06,232
石川県,インド,2024/06,186
福井県,インド,2024/06,51
山梨県,インド,2024/06,381
長野県,インド,2024/06,154
岐阜県,インド,2024/06,275
静岡県,インド,2024/06,1113
愛知県,インド,2024/06,1701
三重県,インド,2024/06,166
滋賀県,インド,2024/06,255
京都府,インド,2024/06,634
大阪府,インド,2024/06,1773
兵庫県,インド,2024/06,1706
奈良県,インド,2024/06,99
和歌山県,インド,2024/06,88
鳥取県,インド,2024/06,39
島根県,インド,2024/06,67
岡山県,インド,2024/06,170
広島県,インド,2024/06,532
山口県,インド,2024/06,72
徳島県,インド,2024/06,93
香川県,インド,2024/06,72
愛媛県,インド,2024/06,91
高知県,インド,2024/06,93
福岡県,インド,2024/06,609
佐賀県,インド,2024/06,47
長崎県,インド,2024/06,121
熊本県,インド,2024/06,140
大分県,インド,2024/06,164
宮崎県,インド,2024/06,78
鹿児島県,インド,2024/06,59
沖縄県,インド,2024/06,416
未定・不詳,インド,2024/06,305
総数,ペルー,2024/06,49247
北海道,ペルー,2024/06,61
青森県,ペルー,2024/06,10
岩手県,ペルー,2024/06,18
宮城県,ペルー,2024/06,31
秋田県,ペルー,2024/06,8
山形県,ペルー,2024/06,12
福島県,ペルー,2024/06,44
茨城県,ペルー,2024/06,1643
栃木県,ペルー,2024/06,3178
群馬県,ペルー,2024/06,4918
埼玉県,ペルー,2024/06,3342
千葉県,ペルー,2024/06,2699
東京都,ペルー,2024/06,2231
神奈川県,ペルー,2024/06,6497
新潟県,ペルー,2024/06,60
富山県,ペルー,2024/06,59
石川県,ペルー,2024/06,90
福井県,ペルー,2024/06,66
山梨県,ペルー,2024/06,664
長野県,ペルー,2024/06,461
岐阜県,ペルー,2024/06,905
静岡県,ペルー,2024/06,4804
愛知県,ペルー,2024/06,7934
三重県,ペルー,2024/06,3382
滋賀県,ペルー,2024/06,1599
京都府,ペルー,2024/06,182
大阪府,ペルー,2024/06,1356
兵庫県,ペルー,2024/06,815
奈良県,ペルー,2024/06,167
和歌山県,ペルー,2024/06,20
鳥取県,ペルー,2024/06,2
島根県,ペルー,2024/06,8
岡山県,ペルー,2024/06,130
広島県,ペルー,2024/06,684
山口県,ペルー,2024/06,43
徳島県,ペルー,2024/06,15
香川県,ペルー,2024/06,425
愛媛県,ペルー,2024/06,44
高知県,ペルー,2024/06,8
福岡県,ペルー,2024/06,240
佐賀県,ペルー,2024/06,2
長崎県,ペルー,2024/06,17
熊本県,ペルー,2024/06,10
大分県,ペルー,2024/06,28
宮崎県,ペルー,2024/06,6
鹿児島県,ペルー,2024/06,16
沖縄県,ペルー,2024/06,288
未定・不詳,ペルー,2024/06,25
総数,バングラデシュ,2024/06,31536
北海道,バングラデシュ,2024/06,304
青森県,バングラデシュ,2024/06,22
岩手県,バングラデシュ,2024/06,133
宮城県,バングラデシュ,2024/06,492
秋田県,バングラデシュ,2024/06,13
山形県,バングラデシュ,2024/06,74
福島県,バングラデシュ,2024/06,169
茨城県,バングラデシュ,2024/06,1377
栃木県,バングラデシュ,2024/06,779
群馬県,バングラデシュ,2024/06,1907
埼玉県,バングラデシュ,2024/06,4354
千葉県,バングラデシュ,2024/06,1905
東京都,バングラデシュ,2024/06,7239
神奈川県,バングラデシュ,2024/06,2272
新潟県,バングラデシュ,2024/06,142
富山県,バングラデシュ,2024/06,165
石川県,バングラデシュ,2024/06,241
福井県,バングラデシュ,2024/06,125
山梨県,バングラデシュ,2024/06,90
長野県,バングラデシュ,2024/06,181
岐阜県,バングラデシュ,2024/06,338
静岡県,バングラデシュ,2024/06,579
愛知県,バングラデシュ,2024/06,1293
三重県,バングラデシュ,2024/06,242
滋賀県,バングラデシュ,2024/06,100
京都府,バングラデシュ,2024/06,583
大阪府,バングラデシュ,2024/06,1791
兵庫県,バングラデシュ,2024/06,1495
奈良県,バングラデシュ,2024/06,174
和歌山県,バングラデシュ,2024/06,41
鳥取県,バングラデシュ,2024/06,29
島根県,バングラデシュ,2024/06,142
岡山県,バングラデシュ,2024/06,300
広島県,バングラデシュ,2024/06,569
山口県,バングラデシュ,2024/06,169
徳島県,バングラデシュ,2024/06,92
香川県,バングラデシュ,2024/06,99
愛媛県,バングラデシュ,2024/06,100
高知県,バングラデシュ,2024/06,95
福岡県,バングラデシュ,2024/06,458
佐賀県,バングラデシュ,2024/06,109
長崎県,バングラデシュ,2024/06,31
熊本県,バングラデシュ,2024/06,110
大分県,バングラデシュ,2024/06,248
宮崎県,バングラデシュ,2024/06,105
鹿児島県,バングラデシュ,2024/06,72
沖縄県,バングラデシュ,2024/06,92
未定・不詳,バングラデシュ,2024/06,96
総数,パキスタン,2024/06,27642
北海道,パキスタン,2024/06,732
青森県,パキスタン,2024/06,94
岩手県,パキスタン,2024/06,83
宮城県,パキスタン,2024/06,477
秋田県,パキスタン,2024/06,47
山形県,パキスタン,2024/06,90
福島県,パキスタン,2024/06,230
茨城県,パキスタン,2024/06,3143
栃木県,パキスタン,2024/06,1937
群馬県,パキスタン,2024/06,1518
埼玉県,パキスタン,2024/06,3767
千葉県,パキスタン,2024/06,2310
東京都,パキスタン,2024/06,1686
神奈川県,パキスタン,2024/06,1629
新潟県,パキスタン,2024/06,426
富山県,パキスタン,2024/06,765
石川県,パキスタン,2024/06,71
福井県,パキスタン,2024/06,24
山梨県,パキスタン,2024/06,84
長野県,パキスタン,2024/06,439
岐阜県,パキスタン,2024/06,683
静岡県,パキスタン,2024/06,613
愛知県,パキスタン,2024/06,2725
三重県,パキスタン,2024/06,306
滋賀県,パキスタン,2024/06,68
京都府,パキスタン,2024/06,233
大阪府,パキスタン,2024/06,910
兵庫県,パキスタン,2024/06,528
奈良県,パキスタン,2024/06,72
和歌山県,パキスタン,2024/06,18
鳥取県,パキスタン,2024/06,46
島根県,パキスタン,2024/06,19
岡山県,パキスタン,2024/06,235
広島県,パキスタン,2024/06,162
山口県,パキスタン,2024/06,47
徳島県,パキスタン,2024/06,90
香川県,パキスタン,2024/06,101
愛媛県,パキスタン,2024/06,58
高知県,パキスタン,2024/06,19
福岡県,パキスタン,2024/06,492
佐賀県,パキスタン,2024/06,52
長崎県,パキスタン,2024/06,16
熊本県,パキスタン,2024/06,195
大分県,パキスタン,2024/06,92
宮崎県,パキスタン,2024/06,60
鹿児島県,パキスタン,2024/06,102
沖縄県,パキスタン,2024/06,63
未定・不詳,パキスタン,2024/06,85
総数,カンボジア,2024/06,25384
北海道,カンボジア,2024/06,611
青森県,カンボジア,2024/06,212
岩手県,カンボジア,2024/06,186
宮城県,カンボジア,2024/06,198
秋田県,カンボジア,2024/06,90
山形県,カンボジア,2024/06,130
福島県,カンボジア,2024/06,191
茨城県,カンボジア,2024/06,1426
栃木県,カンボジア,2024/06,452
群馬県,カンボジア,2024/06,485
埼玉県,カンボジア,2024/06,1032
千葉県,カンボジア,2024/06,1240
東京都,カンボジア,2024/06,1046
神奈川県,カンボジア,2024/06,2736
新潟県,カンボジア,2024/06,148
富山県,カンボジア,2024/06,282
石川県,カンボジア,2024/06,164
福井県,カンボジア,2024/06,360
山梨県,カンボジア,2024/06,77
長野県,カンボジア,2024/06,348
岐阜県,カンボジア,2024/06,1240
静岡県,カンボジア,2024/06,539
愛知県,カンボジア,2024/06,2104
三重県,カンボジア,2024/06,407
滋賀県,カンボジア,2024/06,237
京都府,カンボジア,2024/06,535
大阪府,カンボジア,2024/06,881
兵庫県,カンボジア,2024/06,771
奈良県,カンボジア,2024/06,104
和歌山県,カンボジア,2024/06,52
鳥取県,カンボジア,2024/06,103
島根県,カンボジア,2024/06,224
岡山県,カンボジア,2024/06,521
広島県,カンボジア,2024/06,553
山口県,カンボジア,2024/06,131
徳島県,カンボジア,2024/06,266
香川県,カンボジア,2024/06,667
愛媛県,カンボジア,2024/06,436
高知県,カンボジア,2024/06,148
福岡県,カンボジア,2024/06,859
佐賀県,カンボジア,2024/06,160
長崎県,カンボジア,2024/06,518
熊本県,カンボジア,2024/06,1463
大分県,カンボジア,2024/06,373
宮崎県,カンボジア,2024/06,268
鹿児島県,カンボジア,2024/06,253
沖縄県,カンボジア,2024/06,117
未定・不詳,カンボジア,2024/06,40
総数,朝鮮,2024/06,23756
北海道,朝鮮,2024/06,478
青森県,朝鮮,2024/06,53
岩手県,朝鮮,2024/06,74
宮城県,朝鮮,2024/06,219
秋田県,朝鮮,2024/06,41
山形県,朝鮮,2024/06,32
福島県,朝鮮,2024/06,152
茨城県,朝鮮,2024/06,271
栃木県,朝鮮,2024/06,154
群馬県,朝鮮,2024/06,286
埼玉県,朝鮮,2024/06,1226
千葉県,朝鮮,2024/06,588
東京都,朝鮮,2024/06,4356
神奈川県,朝鮮,2024/06,1326
新潟県,朝鮮,2024/06,101
富山県,朝鮮,2024/06,81
石川県,朝鮮,2024/06,151
福井県,朝鮮,2024/06,213
山梨県,朝鮮,2024/06,34
長野県,朝鮮,2024/06,251
岐阜県,朝鮮,2024/06,407
静岡県,朝鮮,2024/06,305
愛知県,朝鮮,2024/06,1657
三重県,朝鮮,2024/06,275
滋賀県,朝鮮,2024/06,269
京都府,朝鮮,2024/06,1368
大阪府,朝鮮,2024/06,3764
兵庫県,朝鮮,2024/06,2223
奈良県,朝鮮,2024/06,136
和歌山県,朝鮮,2024/06,138
鳥取県,朝鮮,2024/06,93
島根県,朝鮮,2024/06,39
岡山県,朝鮮,2024/06,296
広島県,朝鮮,2024/06,658
山口県,朝鮮,2024/06,547
徳島県,朝鮮,2024/06,24
香川県,朝鮮,2024/06,47
愛媛県,朝鮮,2024/06,89
高知県,朝鮮,2024/06,33
福岡県,朝鮮,2024/06,982
佐賀県,朝鮮,2024/06,66
長崎県,朝鮮,2024/06,32
熊本県,朝鮮,2024/06,44
大分県,朝鮮,2024/06,118
宮崎県,朝鮮,2024/06,9
鹿児島県,朝鮮,2024/06,26
沖縄県,朝鮮,2024/06,22
未定・不詳,朝鮮,2024/06,2
総数,モンゴル,2024/06,20416
北海道,モンゴル,2024/06,683
青森県,モンゴル,2024/06,65
岩手県,モンゴル,2024/06,136
宮城県,モンゴル,2024/06,182
秋田県,モンゴル,2024/06,83
山形県,モンゴル,2024/06,115
福島県,モンゴル,2024/06,126
茨城県,モンゴル,2024/06,564
栃木県,モンゴル,2024/06,260
群馬県,モンゴル,2024/06,483
埼玉県,モンゴル,2024/06,2563
千葉県,モンゴル,2024/06,2552
東京都,モンゴル,2024/06,5233
神奈川県,モンゴル,2024/06,1944
新潟県,モンゴル,2024/06,321
富山県,モンゴル,2024/06,157
石川県,モンゴル,2024/06,114
福井県,モンゴル,2024/06,52
山梨県,モンゴル,2024/06,207
長野県,モンゴル,2024/06,146
岐阜県,モンゴル,2024/06,137
静岡県,モンゴル,2024/06,230
愛知県,モンゴル,2024/06,874
三重県,モンゴル,2024/06,330
滋賀県,モンゴル,2024/06,76
京都府,モンゴル,2024/06,210
大阪府,モンゴル,2024/06,759
兵庫県,モンゴル,2024/06,376
奈良県,モンゴル,2024/06,62
和歌山県,モンゴル,2024/06,60
鳥取県,モンゴル,2024/06,52
島根県,モンゴル,2024/06,36
岡山県,モンゴル,2024/06,60
広島県,モンゴル,2024/06,126
山口県,モンゴル,2024/06,20
徳島県,モンゴル,2024/06,77
香川県,モンゴル,2024/06,58
愛媛県,モンゴル,2024/06,16
高知県,モンゴル,2024/06,44
福岡県,モンゴル,2024/06,303
佐賀県,モンゴル,2024/06,19
長崎県,モンゴル,2024/06,25
熊本県,モンゴル,2024/06,45
大分県,モンゴル,2024/06,212
宮崎県,モンゴル,2024/06,52
鹿児島県,モンゴル,2024/06,31
沖縄県,モンゴル,2024/06,43
未定・不詳,モンゴル,2024/06,97
総数,英国,2024/06,19587
北海道,英国,2024/06,638
青森県,英国,2024/06,35
岩手県,英国,2024/06,96
宮城県,英国,2024/06,145
秋田県,英国,2024/06,48
山形県,英国,2024/06,55
福島県,英国,2024/06,110
茨城県,英国,2024/06,239
栃木県,英国,2024/06,139
群馬県,英国,2024/06,126
埼玉県,英国,2024/06,735
千葉県,英国,2024/06,976
東京都,英国,2024/06,7307
神奈川県,英国,2024/06,1847
新潟県,英国,2024/06,132
富山県,英国,2024/06,56
石川県,英国,2024/06,90
福井県,英国,2024/06,31
山梨県,英国,2024/06,106
長野県,英国,2024/06,327
岐阜県,英国,2024/06,119
静岡県,英国,2024/06,281
愛知県,英国,2024/06,702
三重県,英国,2024/06,80
滋賀県,英国,2024/06,96
京都府,英国,2024/06,637
大阪府,英国,2024/06,1283
兵庫県,英国,2024/06,750
奈良県,英国,2024/06,99
和歌山県,英国,2024/06,43
鳥取県,英国,2024/06,42
島根県,英国,2024/06,30
岡山県,英国,2024/06,120
広島県,英国,2024/06,222
山口県,英国,2024/06,62
徳島県,英国,2024/06,37
香川県,英国,2024/06,65
愛媛県,英国,2024/06,82
高知県,英国,2024/06,73
福岡県,英国,2024/06,622
佐賀県,英国,2024/06,34
長崎県,英国,2024/06,79
熊本県,英国,2024/06,117
大分県,英国,2024/06,72
宮崎県,英国,2024/06,64
鹿児島県,英国,2024/06,107
沖縄県,英国,2024/06,287
未定・不詳,英国,2024/06,144
総数,その他,2024/06,196843
北海道,その他,2024/06,4939
青森県,その他,2024/06,345
岩手県,その他,2024/06,359
宮城県,その他,2024/06,1627
秋田県,その他,2024/06,442
山形県,その他,2024/06,349
福島県,その他,2024/06,795
茨城県,その他,2024/06,4891
栃木県,その他,2024/06,2254
群馬県,その他,2024/06,2918
埼玉県,その他,2024/06,13135
千葉県,その他,2024/06,12916
東京都,その他,2024/06,59237
神奈川県,その他,2024/06,20476
新潟県,その他,2024/06,1413
富山県,その他,2024/06,1412
石川県,その他,2024/06,788
福井県,その他,2024/06,401
山梨県,その他,2024/06,1004
長野県,その他,2024/06,2524
岐阜県,その他,2024/06,1352
静岡県,その他,2024/06,3326
愛知県,その他,2024/06,11341
三重県,その他,2024/06,2509
滋賀県,その他,2024/06,1567
京都府,その他,2024/06,6024
大阪府,その他,2024/06,10983
兵庫県,その他,2024/06,6558
奈良県,その他,2024/06,1005
和歌山県,その他,2024/06,446
鳥取県,その他,2024/06,302
島根県,その他,2024/06,258
岡山県,その他,2024/06,1138
広島県,その他,2024/06,2305
山口県,その他,2024/06,530
徳島県,その他,2024/06,408
香川県,その他,2024/06,663
愛媛県,その他,2024/06,516
高知県,その他,2024/06,308
福岡県,その他,2024/06,4914
佐賀県,その他,2024/06,305
長崎県,その他,2024/06,770
熊本県,その他,2024/06,919
大分県,その他,2024/06,1093
宮崎県,その他,2024/06,586
鹿児島県,その他,2024/06,684
沖縄県,その他,2024/06,2187
未定・不詳,その他,2024/06,1621
総数,総数,2025/06,3956619
北海道,総数,2025/06,69620
青森県,総数,2025/06,8949
岩手県,総数,2025/06,11775
宮城県,総数,2025/06,31041
秋田県,総数,2025/06,6097
山形県,総数,2025/06,10753
福島県,総数,2025/06,20708
茨城県,総数,2025/06,106490
栃木県,総数,2025/06,59809
群馬県,総数,2025/06,87299
埼玉県,総数,2025/06,277209
千葉県,総数,2025/06,247580
東京都,総数,2025/06,775340
神奈川県,総数,2025/06,306363
新潟県,総数,2025/06,24737
富山県,総数,2025/06,25311
石川県,総数,2025/06,22294
福井県,総数,2025/06,20783
山梨県,総数,2025/06,24392
長野県,総数,2025/06,48288
岐阜県,総数,2025/06,77301
静岡県,総数,2025/06,128311
愛知県,総数,2025/06,345900
三重県,総数,2025/06,71154
滋賀県,総数,2025/06,44345
京都府,総数,2025/06,88337
大阪府,総数,2025/06,360390
兵庫県,総数,2025/06,148569
奈良県,総数,2025/06,20411
和歌山県,総数,2025/06,10736
鳥取県,総数,2025/06,6315
島根県,総数,2025/06,11652
岡山県,総数,2025/06,40130
広島県,総数,2025/06,69897
山口県,総数,2025/06,21866
徳島県,総数,2025/06,9190
香川県,総数,2025/06,20671
愛媛県,総数,2025/06,19069
高知県,総数,2025/06,6996
福岡県,総数,2025/06,119392
佐賀県,総数,2025/06,11953
長崎県,総数,2025/06,16393
熊本県,総数,2025/06,30825
大分県,総数,2025/06,21708
宮崎県,総数,2025/06,12147
鹿児島県,総数,2025/06,20032
沖縄県,総数,2025/06,31249
未定・不詳,総数,2025/06,6842
総数,中国,2025/06,900738
北海道,中国,2025/06,10495
青森県,中国,2025/06,1035
岩手県,中国,2025/06,1571
宮城県,中国,2025/06,5735
秋田県,中国,2025/06,955
山形県,中国,2025/06,1896
福島県,中国,2025/06,3127
茨城県,中国,2025/06,13040
栃木県,中国,2025/06,6509
群馬県,中国,2025/06,6890
埼玉県,中国,2025/06,87047
千葉県,中国,2025/06,63163
東京都,中国,2025/06,294826
神奈川県,中国,2025/06,84236
新潟県,中国,2025/06,4570
富山県,中国,2025/06,4336
石川県,中国,2025/06,3913
福井県,中国,2025/06,1965
山梨県,中国,2025/06,4627
長野県,中国,2025/06,8523
岐阜県,中国,2025/06,9268
静岡県,中国,2025/06,10734
愛知県,中国,2025/06,47656
三重県,中国,2025/06,6615
滋賀県,中国,2025/06,4731
京都府,中国,2025/06,20502
大阪府,中国,2025/06,92946
兵庫県,中国,2025/06,24972
奈良県,中国,2025/06,3158
和歌山県,中国,2025/06,1376
鳥取県,中国,2025/06,724
島根県,中国,2025/06,1095
岡山県,中国,2025/06,7089
広島県,中国,2025/06,12367
山口県,中国,2025/06,2390
徳島県,中国,2025/06,1617
香川県,中国,2025/06,3069
愛媛県,中国,2025/06,2517
高知県,中国,2025/06,957
福岡県,中国,2025/06,22371
佐賀県,中国,2025/06,1000
長崎県,中国,2025/06,2100
熊本県,中国,2025/06,3517
大分県,中国,2025/06,2211
宮崎県,中国,2025/06,839
鹿児島県,中国,2025/06,1724
沖縄県,中国,2025/06,3249
未定・不詳,中国,2025/06,1485
総数,ベトナム,2025/06,660483
北海道,ベトナム,2025/06,14035
青森県,ベトナム,2025/06,2399
岩手県,ベトナム,2025/06,2919
宮城県,ベトナム,2025/06,5078
秋田県,ベトナム,2025/06,1099
山形県,ベトナム,2025/06,3017
福島県,ベトナム,2025/06,5153
茨城県,ベトナム,2025/06,20704
栃木県,ベトナム,2025/06,12015
群馬県,ベトナム,2025/06,16457
埼玉県,ベトナム,2025/06,50331
千葉県,ベトナム,2025/06,39806
東京都,ベトナム,2025/06,57267
神奈川県,ベトナム,2025/06,43152
新潟県,ベトナム,2025/06,5218
富山県,ベトナム,2025/06,5946
石川県,ベトナム,2025/06,5867
福井県,ベトナム,2025/06,4085
山梨県,ベトナム,2025/06,4793
長野県,ベトナム,2025/06,7581
岐阜県,ベトナム,2025/06,15621
静岡県,ベトナム,2025/06,20933
愛知県,ベトナム,2025/06,67842
三重県,ベトナム,2025/06,15224
滋賀県,ベトナム,2025/06,11777
京都府,ベトナム,2025/06,11443
大阪府,ベトナム,2025/06,67611
兵庫県,ベトナム,2025/06,32933
奈良県,ベトナム,2025/06,4962
和歌山県,ベトナム,2025/06,2248
鳥取県,ベトナム,2025/06,1629
島根県,ベトナム,2025/06,1988
岡山県,ベトナム,2025/06,12665
広島県,ベトナム,2025/06,16110
山口県,ベトナム,2025/06,5045
徳島県,ベトナム,2025/06,2332
香川県,ベトナム,2025/06,4751
愛媛県,ベトナム,2025/06,4586
高知県,ベトナム,2025/06,1559
福岡県,ベトナム,2025/06,23169
佐賀県,ベトナム,2025/06,3023
長崎県,ベトナム,2025/06,3241
熊本県,ベトナム,2025/06,7054
大分県,ベトナム,2025/06,3829
宮崎県,ベトナム,2025/06,2993
鹿児島県,ベトナム,2025/06,5569
沖縄県,ベトナム,2025/06,2906
未定・不詳,ベトナム,2025/06,518
総数,韓国,2025/06,409584
北海道,韓国,2025/06,4762
青森県,韓国,2025/06,670
岩手県,韓国,2025/06,664
宮城県,韓国,2025/06,2980
秋田県,韓国,2025/06,480
山形県,韓国,2025/06,1351
福島県,韓国,2025/06,1254
茨城県,韓国,2025/06,4056
栃木県,韓国,2025/06,2202
群馬県,韓国,2025/06,2014
埼玉県,韓国,2025/06,15720
千葉県,韓国,2025/06,15760
東京都,韓国,2025/06,93466
神奈川県,韓国,2025/06,27572
新潟県,韓国,2025/06,1546
富山県,韓国,2025/06,794
石川県,韓国,2025/06,1167
福井県,韓国,2025/06,1730
山梨県,韓国,2025/06,1624
長野県,韓国,2025/06,3051
岐阜県,韓国,2025/06,3095
静岡県,韓国,2025/06,4177
愛知県,韓国,2025/06,25832
三重県,韓国,2025/06,3632
滋賀県,韓国,2025/06,3632
京都府,韓国,2025/06,20414
大阪府,韓国,2025/06,86788
兵庫県,韓国,2025/06,34040
奈良県,韓国,2025/06,3009
和歌山県,韓国,2025/06,1737
鳥取県,韓国,2025/06,781
島根県,韓国,2025/06,524
岡山県,韓国,2025/06,4103
広島県,韓国,2025/06,6361
山口県,韓国,2025/06,4225
徳島県,韓国,2025/06,297
香川県,韓国,2025/06,793
愛媛県,韓国,2025/06,1024
高知県,韓国,2025/06,424
福岡県,韓国,2025/06,14617
佐賀県,韓国,2025/06,583
長崎県,韓国,2025/06,1049
熊本県,韓国,2025/06,1068
大分県,韓国,2025/06,1590
宮崎県,韓国,2025/06,489
鹿児島県,韓国,2025/06,476
沖縄県,韓国,2025/06,1562
未定・不詳,韓国,2025/06,399
総数,フィリピン,2025/06,349714
北海道,フィリピン,2025/06,3822
青森県,フィリピン,2025/06,1048
岩手県,フィリピン,2025/06,1620
宮城県,フィリピン,2025/06,1811
秋田県,フィリピン,2025/06,1012
山形県,フィリピン,2025/06,1117
福島県,フィリピン,2025/06,3246
茨城県,フィリピン,2025/06,12109
栃木県,フィリピン,2025/06,5654
群馬県,フィリピン,2025/06,9697
埼玉県,フィリピン,2025/06,25647
千葉県,フィリピン,2025/06,23951
東京都,フィリピン,2025/06,38016
神奈川県,フィリピン,2025/06,27814
新潟県,フィリピン,2025/06,3402
富山県,フィリピン,2025/06,2983
石川県,フィリピン,2025/06,1721
福井県,フィリピン,2025/06,2399
山梨県,フィリピン,2025/06,2460
長野県,フィリピン,2025/06,5760
岐阜県,フィリピン,2025/06,16562
静岡県,フィリピン,2025/06,21168
愛知県,フィリピン,2025/06,47765
三重県,フィリピン,2025/06,8920
滋賀県,フィリピン,2025/06,3493
京都府,フィリピン,2025/06,3334
大阪府,フィリピン,2025/06,12877
兵庫県,フィリピン,2025/06,6977
奈良県,フィリピン,2025/06,1123
和歌山県,フィリピン,2025/06,993
鳥取県,フィリピン,2025/06,808
島根県,フィリピン,2025/06,1179
岡山県,フィリピン,2025/06,2754
広島県,フィリピン,2025/06,11023
山口県,フィリピン,2025/06,2336
徳島県,フィリピン,2025/06,997
香川県,フィリピン,2025/06,2993
愛媛県,フィリピン,2025/06,4325
高知県,フィリピン,2025/06,970
福岡県,フィリピン,2025/06,7480
佐賀県,フィリピン,2025/06,936
長崎県,フィリピン,2025/06,1931
熊本県,フィリピン,2025/06,4223
大分県,フィリピン,2025/06,2253
宮崎県,フィリピン,2025/06,1116
鹿児島県,フィリピン,2025/06,2754
沖縄県,フィリピン,2025/06,2842
未定・不詳,フィリピン,2025/06,293
総数,ブラジル,2025/06,211229
北海道,ブラジル,2025/06,203
青森県,ブラジル,2025/06,36
岩手県,ブラジル,2025/06,102
宮城県,ブラジル,2025/06,184
秋田県,ブラジル,2025/06,15
山形県,ブラジル,2025/06,85
福島県,ブラジル,2025/06,204
茨城県,ブラジル,2025/06,5764
栃木県,ブラジル,2025/06,3835
群馬県,ブラジル,2025/06,14127
埼玉県,ブラジル,2025/06,7192
千葉県,ブラジル,2025/06,3656
東京都,ブラジル,2025/06,4677
神奈川県,ブラジル,2025/06,9464
新潟県,ブラジル,2025/06,296
富山県,ブラジル,2025/06,2686
石川県,ブラジル,2025/06,1715
福井県,ブラジル,2025/06,5128
山梨県,ブラジル,2025/06,2803
長野県,ブラジル,2025/06,4653
岐阜県,ブラジル,2025/06,12375
静岡県,ブラジル,2025/06,31635
愛知県,ブラジル,2025/06,61003
三重県,ブラジル,2025/06,13941
滋賀県,ブラジル,2025/06,9333
京都府,ブラジル,2025/06,628
大阪府,ブラジル,2025/06,2777
兵庫県,ブラジル,2025/06,2387
奈良県,ブラジル,2025/06,338
和歌山県,ブラジル,2025/06,125
鳥取県,ブラジル,2025/06,56
島根県,ブラジル,2025/06,3980
岡山県,ブラジル,2025/06,867
広島県,ブラジル,2025/06,2299
山口県,ブラジル,2025/06,252
徳島県,ブラジル,2025/06,54
香川県,ブラジル,2025/06,169
愛媛県,ブラジル,2025/06,255
高知県,ブラジル,2025/06,24
福岡県,ブラジル,2025/06,389
佐賀県,ブラジル,2025/06,39
長崎県,ブラジル,2025/06,71
熊本県,ブラジル,2025/06,86
大分県,ブラジル,2025/06,94
宮崎県,ブラジル,2025/06,56
鹿児島県,ブラジル,2025/06,115
沖縄県,ブラジル,2025/06,1012
未定・不詳,ブラジル,2025/06,44
総数,ネパール,2025/06,273229
北海道,ネパール,2025/06,3020
青森県,ネパール,2025/06,253
岩手県,ネパール,2025/06,443
宮城県,ネパール,2025/06,3561
秋田県,ネパール,2025/06,179
山形県,ネパール,2025/06,307
福島県,ネパール,2025/06,1432
茨城県,ネパール,2025/06,4842
栃木県,ネパール,2025/06,4736
群馬県,ネパール,2025/06,6938
埼玉県,ネパール,2025/06,18449
千葉県,ネパール,2025/06,23221
東京都,ネパール,2025/06,58693
神奈川県,ネパール,2025/06,17951
新潟県,ネパール,2025/06,1363
富山県,ネパール,2025/06,505
石川県,ネパール,2025/06,841
福井県,ネパール,2025/06,541
山梨県,ネパール,2025/06,1195
長野県,ネパール,2025/06,2002
岐阜県,ネパール,2025/06,3123
静岡県,ネパール,2025/06,7110
愛知県,ネパール,2025/06,21314
三重県,ネパール,2025/06,3256
滋賀県,ネパール,2025/06,933
京都府,ネパール,2025/06,6400
大阪府,ネパール,2025/06,24727
兵庫県,ネパール,2025/06,10439
奈良県,ネパール,2025/06,1086
和歌山県,ネパール,2025/06,634
鳥取県,ネパール,2025/06,228
島根県,ネパール,2025/06,348
岡山県,ネパール,2025/06,1804
広島県,ネパール,2025/06,2994
山口県,ネパール,2025/06,1127
徳島県,ネパール,2025/06,369
香川県,ネパール,2025/06,643
愛媛県,ネパール,2025/06,629
高知県,ネパール,2025/06,159
福岡県,ネパール,2025/06,20896
佐賀県,ネパール,2025/06,1519
長崎県,ネパール,2025/06,1746
熊本県,ネパール,2025/06,1977
大分県,ネパール,2025/06,1359
宮崎県,ネパール,2025/06,729
鹿児島県,ネパール,2025/06,884
沖縄県,ネパール,2025/06,6178
未定・不詳,ネパール,2025/06,146
総数,インドネシア,2025/06,230689
北海道,インドネシア,2025/06,11167
青森県,インドネシア,2025/06,1225
岩手県,インドネシア,2025/06,1699
宮城県,インドネシア,2025/06,3148
秋田県,インドネシア,2025/06,567
山形県,インドネシア,2025/06,718
福島県,インドネシア,2025/06,1914
茨城県,インドネシア,2025/06,11381
栃木県,インドネシア,2025/06,4504
群馬県,インドネシア,2025/06,7389
埼玉県,インドネシア,2025/06,12652
千葉県,インドネシア,2025/06,12229
東京都,インドネシア,2025/06,14439
神奈川県,インドネシア,2025/06,12216
新潟県,インドネシア,2025/06,2359
富山県,インドネシア,2025/06,2892
石川県,インドネシア,2025/06,2410
福井県,インドネシア,2025/06,1564
山梨県,インドネシア,2025/06,1228
長野県,インドネシア,2025/06,4926
岐阜県,インドネシア,2025/06,5144
静岡県,インドネシア,2025/06,8282
愛知県,インドネシア,2025/06,18484
三重県,インドネシア,2025/06,4914
滋賀県,インドネシア,2025/06,3144
京都府,インドネシア,2025/06,3807
大阪府,インドネシア,2025/06,13592
兵庫県,インドネシア,2025/06,6287
奈良県,インドネシア,2025/06,1391
和歌山県,インドネシア,2025/06,1021
鳥取県,インドネシア,2025/06,568
島根県,インドネシア,2025/06,712
岡山県,インドネシア,2025/06,4109
広島県,インドネシア,2025/06,6789
山口県,インドネシア,2025/06,2616
徳島県,インドネシア,2025/06,1220
香川県,インドネシア,2025/06,3959
愛媛県,インドネシア,2025/06,2152
高知県,インドネシア,2025/06,1250
福岡県,インドネシア,2025/06,7938
佐賀県,インドネシア,2025/06,2103
長崎県,インドネシア,2025/06,2177
熊本県,インドネシア,2025/06,4047
大分県,インドネシア,2025/06,3095
宮崎県,インドネシア,2025/06,2901
鹿児島県,インドネシア,2025/06,4372
沖縄県,インドネシア,2025/06,3562
未定・不詳,インドネシア,2025/06,426
総数,ミャンマー,2025/06,160362
北海道,ミャンマー,2025/06,5668
青森県,ミャンマー,2025/06,616
岩手県,ミャンマー,2025/06,816
宮城県,ミャンマー,2025/06,1925
秋田県,ミャンマー,2025/06,365
山形県,ミャンマー,2025/06,655
福島県,ミャンマー,2025/06,1146
茨城県,ミャンマー,2025/06,3072
栃木県,ミャンマー,2025/06,2023
群馬県,ミャンマー,2025/06,3836
埼玉県,ミャンマー,2025/06,9682
千葉県,ミャンマー,2025/06,7702
東京都,ミャンマー,2025/06,35585
神奈川県,ミャンマー,2025/06,8078
新潟県,ミャンマー,2025/06,1203
富山県,ミャンマー,2025/06,905
石川県,ミャンマー,2025/06,1487
福井県,ミャンマー,2025/06,1091
山梨県,ミャンマー,2025/06,863
長野県,ミャンマー,2025/06,1500
岐阜県,ミャンマー,2025/06,2968
静岡県,ミャンマー,2025/06,5046
愛知県,ミャンマー,2025/06,8489
三重県,ミャンマー,2025/06,2005
滋賀県,ミャンマー,2025/06,1406
京都府,ミャンマー,2025/06,3076
大阪府,ミャンマー,2025/06,12054
兵庫県,ミャンマー,2025/06,6348
奈良県,ミャンマー,2025/06,1405
和歌山県,ミャンマー,2025/06,599
鳥取県,ミャンマー,2025/06,530
島根県,ミャンマー,2025/06,509
岡山県,ミャンマー,2025/06,1964
広島県,ミャンマー,2025/06,2378
山口県,ミャンマー,2025/06,1163
徳島県,ミャンマー,2025/06,576
香川県,ミャンマー,2025/06,1319
愛媛県,ミャンマー,2025/06,1345
高知県,ミャンマー,2025/06,403
福岡県,ミャンマー,2025/06,5881
佐賀県,ミャンマー,2025/06,1350
長崎県,ミャンマー,2025/06,1402
熊本県,ミャンマー,2025/06,2361
大分県,ミャンマー,2025/06,2882
宮崎県,ミャンマー,2025/06,1248
鹿児島県,ミャンマー,2025/06,1893
沖縄県,ミャンマー,2025/06,1315
未定・不詳,ミャンマー,2025/06,229
総数,台湾,2025/06,71125
北海道,台湾,2025/06,1785
青森県,台湾,2025/06,78
岩手県,台湾,2025/06,122
宮城県,台湾,2025/06,518
秋田県,台湾,2025/06,53
山形県,台湾,2025/06,138
福島県,台湾,2025/06,142
茨城県,台湾,2025/06,1403
栃木県,台湾,2025/06,991
群馬県,台湾,2025/06,455
埼玉県,台湾,2025/06,3413
千葉県,台湾,2025/06,4258
東京都,台湾,2025/06,24796
神奈川県,台湾,2025/06,6472
新潟県,台湾,2025/06,315
富山県,台湾,2025/06,187
石川県,台湾,2025/06,228
福井県,台湾,2025/06,116
山梨県,台湾,2025/06,582
長野県,台湾,2025/06,831
岐阜県,台湾,2025/06,205
静岡県,台湾,2025/06,848
愛知県,台湾,2025/06,2362
三重県,台湾,2025/06,427
滋賀県,台湾,2025/06,270
京都府,台湾,2025/06,2259
大阪府,台湾,2025/06,8330
兵庫県,台湾,2025/06,2280
奈良県,台湾,2025/06,376
和歌山県,台湾,2025/06,123
鳥取県,台湾,2025/06,60
島根県,台湾,2025/06,45
岡山県,台湾,2025/06,208
広島県,台湾,2025/06,474
山口県,台湾,2025/06,111
徳島県,台湾,2025/06,58
香川県,台湾,2025/06,139
愛媛県,台湾,2025/06,111
高知県,台湾,2025/06,65
福岡県,台湾,2025/06,1541
佐賀県,台湾,2025/06,56
長崎県,台湾,2025/06,144
熊本県,台湾,2025/06,2108
大分県,台湾,2025/06,179
宮崎県,台湾,2025/06,51
鹿児島県,台湾,2025/06,159
沖縄県,台湾,2025/06,970
未定・不詳,台湾,2025/06,283
総数,米国,2025/06,68022
北海道,米国,2025/06,1639
青森県,米国,2025/06,425
岩手県,米国,2025/06,240
宮城県,米国,2025/06,812
秋田県,米国,2025/06,254
山形県,米国,2025/06,222
福島県,米国,2025/06,299
茨城県,米国,2025/06,926
栃木県,米国,2025/06,496
群馬県,米国,2025/06,570
埼玉県,米国,2025/06,2340
千葉県,米国,2025/06,2758
東京都,米国,2025/06,23251
神奈川県,米国,2025/06,7135
新潟県,米国,2025/06,393
富山県,米国,2025/06,261
石川県,米国,2025/06,341
福井県,米国,2025/06,222
山梨県,米国,2025/06,380
長野県,米国,2025/06,827
岐阜県,米国,2025/06,452
静岡県,米国,2025/06,918
愛知県,米国,2025/06,2577
三重県,米国,2025/06,332
滋賀県,米国,2025/06,425
京都府,米国,2025/06,2046
大阪府,米国,2025/06,4104
兵庫県,米国,2025/06,2665
奈良県,米国,2025/06,432
和歌山県,米国,2025/06,211
鳥取県,米国,2025/06,95
島根県,米国,2025/06,177
岡山県,米国,2025/06,423
広島県,米国,2025/06,848
山口県,米国,2025/06,477
徳島県,米国,2025/06,191
香川県,米国,2025/06,214
愛媛県,米国,2025/06,259
高知県,米国,2025/06,182
福岡県,米国,2025/06,1860
佐賀県,米国,2025/06,132
長崎県,米国,2025/06,518
熊本県,米国,2025/06,442
大分県,米国,2025/06,365
宮崎県,米国,2025/06,237
鹿児島県,米国,2025/06,320
沖縄県,米国,2025/06,2972
未定・不詳,米国,2025/06,357
総数,タイ,2025/06,66624
北海道,タイ,2025/06,1600
青森県,タイ,2025/06,165
岩手県,タイ,2025/06,252
宮城県,タイ,2025/06,443
秋田県,タイ,2025/06,99
山形県,タイ,2025/06,216
福島県,タイ,2025/06,392
茨城県,タイ,2025/06,5679
栃木県,タイ,2025/06,2183
群馬県,タイ,2025/06,1446
埼玉県,タイ,2025/06,4290
千葉県,タイ,2025/06,7311
東京都,タイ,2025/06,9517
神奈川県,タイ,2025/06,5187
新潟県,タイ,2025/06,472
富山県,タイ,2025/06,247
石川県,タイ,2025/06,403
福井県,タイ,2025/06,471
山梨県,タイ,2025/06,708
長野県,タイ,2025/06,2789
岐阜県,タイ,2025/06,965
静岡県,タイ,2025/06,1848
愛知県,タイ,2025/06,4590
三重県,タイ,2025/06,2030
滋賀県,タイ,2025/06,582
京都府,タイ,2025/06,1055
大阪府,タイ,2025/06,3309
兵庫県,タイ,2025/06,1486
奈良県,タイ,2025/06,516
和歌山県,タイ,2025/06,610
鳥取県,タイ,2025/06,75
島根県,タイ,2025/06,164
岡山県,タイ,2025/06,462
広島県,タイ,2025/06,1653
山口県,タイ,2025/06,226
徳島県,タイ,2025/06,93
香川県,タイ,2025/06,171
愛媛県,タイ,2025/06,175
高知県,タイ,2025/06,79
福岡県,タイ,2025/06,908
佐賀県,タイ,2025/06,110
長崎県,タイ,2025/06,112
熊本県,タイ,2025/06,455
大分県,タイ,2025/06,350
宮崎県,タイ,2025/06,75
鹿児島県,タイ,2025/06,143
沖縄県,タイ,2025/06,364
未定・不詳,タイ,2025/06,148
総数,スリランカ,2025/06,73067
北海道,スリランカ,2025/06,687
青森県,スリランカ,2025/06,48
岩手県,スリランカ,2025/06,27
宮城県,スリランカ,2025/06,863
秋田県,スリランカ,2025/06,125
山形県,スリランカ,2025/06,19
福島県,スリランカ,2025/06,277
茨城県,スリランカ,2025/06,6281
栃木県,スリランカ,2025/06,3594
群馬県,スリランカ,2025/06,2342
埼玉県,スリランカ,2025/06,4524
千葉県,スリランカ,2025/06,13146
東京都,スリランカ,2025/06,5759
神奈川県,スリランカ,2025/06,8456
新潟県,スリランカ,2025/06,440
富山県,スリランカ,2025/06,86
石川県,スリランカ,2025/06,146
福井県,スリランカ,2025/06,83
山梨県,スリランカ,2025/06,245
長野県,スリランカ,2025/06,596
岐阜県,スリランカ,2025/06,1412
静岡県,スリランカ,2025/06,3280
愛知県,スリランカ,2025/06,5429
三重県,スリランカ,2025/06,1847
滋賀県,スリランカ,2025/06,198
京都府,スリランカ,2025/06,1871
大阪府,スリランカ,2025/06,3191
兵庫県,スリランカ,2025/06,1315
奈良県,スリランカ,2025/06,526
和歌山県,スリランカ,2025/06,127
鳥取県,スリランカ,2025/06,37
島根県,スリランカ,2025/06,17
岡山県,スリランカ,2025/06,444
広島県,スリランカ,2025/06,439
山口県,スリランカ,2025/06,155
徳島県,スリランカ,2025/06,105
香川県,スリランカ,2025/06,117
愛媛県,スリランカ,2025/06,148
高知県,スリランカ,2025/06,40
福岡県,スリランカ,2025/06,2066
佐賀県,スリランカ,2025/06,232
長崎県,スリランカ,2025/06,217
熊本県,スリランカ,2025/06,309
大分県,スリランカ,2025/06,886
宮崎県,スリランカ,2025/06,100
鹿児島県,スリランカ,2025/06,167
沖縄県,スリランカ,2025/06,487
未定・不詳,スリランカ,2025/06,161
総数,インド,2025/06,56686
北海道,インド,2025/06,1703
青森県,インド,2025/06,63
岩手県,インド,2025/06,119
宮城県,インド,2025/06,312
秋田県,インド,2025/06,50
山形県,インド,2025/06,69
福島県,インド,2025/06,251
茨城県,インド,2025/06,2506
栃木県,インド,2025/06,1438
群馬県,インド,2025/06,1823
埼玉県,インド,2025/06,2742
千葉県,インド,2025/06,2908
東京都,インド,2025/06,20642
神奈川県,インド,2025/06,8056
新潟県,インド,2025/06,180
富山県,インド,2025/06,285
石川県,インド,2025/06,215
福井県,インド,2025/06,55
山梨県,インド,2025/06,459
長野県,インド,2025/06,181
岐阜県,インド,2025/06,314
静岡県,インド,2025/06,1206
愛知県,インド,2025/06,2223
三重県,インド,2025/06,240
滋賀県,インド,2025/06,302
京都府,インド,2025/06,809
大阪府,インド,2025/06,2095
兵庫県,インド,2025/06,1778
奈良県,インド,2025/06,129
和歌山県,インド,2025/06,99
鳥取県,インド,2025/06,50
島根県,インド,2025/06,56
岡山県,インド,2025/06,181
広島県,インド,2025/06,592
山口県,インド,2025/06,81
徳島県,インド,2025/06,103
香川県,インド,2025/06,92
愛媛県,インド,2025/06,115
高知県,インド,2025/06,115
福岡県,インド,2025/06,697
佐賀県,インド,2025/06,60
長崎県,インド,2025/06,125
熊本県,インド,2025/06,149
大分県,インド,2025/06,214
宮崎県,インド,2025/06,95
鹿児島県,インド,2025/06,78
沖縄県,インド,2025/06,429
未定・不詳,インド,2025/06,202
総数,ペルー,2025/06,49220
北海道,ペルー,2025/06,68
青森県,ペルー,2025/06,11
岩手県,ペルー,2025/06,20
宮城県,ペルー,2025/06,35
秋田県,ペルー,2025/06,7
山形県,ペルー,2025/06,14
福島県,ペルー,2025/06,50
茨城県,ペルー,2025/06,1612
栃木県,ペルー,2025/06,3139
群馬県,ペルー,2025/06,4922
埼玉県,ペルー,2025/06,3344
千葉県,ペルー,2025/06,2691
東京都,ペルー,2025/06,2315
神奈川県,ペルー,2025/06,6454
新潟県,ペルー,2025/06,59
富山県,ペルー,2025/06,60
石川県,ペルー,2025/06,98
福井県,ペルー,2025/06,63
山梨県,ペルー,2025/06,658
長野県,ペルー,2025/06,443
岐阜県,ペルー,2025/06,891
静岡県,ペルー,2025/06,4760
愛知県,ペルー,2025/06,7959
三重県,ペルー,2025/06,3388
滋賀県,ペルー,2025/06,1590
京都府,ペルー,2025/06,183
大阪府,ペルー,2025/06,1360
兵庫県,ペルー,2025/06,835
奈良県,ペルー,2025/06,160
和歌山県,ペルー,2025/06,16
鳥取県,ペルー,2025/06,3
島根県,ペルー,2025/06,8
岡山県,ペルー,2025/06,135
広島県,ペルー,2025/06,689
山口県,ペルー,2025/06,50
徳島県,ペルー,2025/06,18
香川県,ペルー,2025/06,420
愛媛県,ペルー,2025/06,52
高知県,ペルー,2025/06,10
福岡県,ペルー,2025/06,230
佐賀県,ペルー,2025/06,2
長崎県,ペルー,2025/06,25
熊本県,ペルー,2025/06,7
大分県,ペルー,2025/06,23
宮崎県,ペルー,2025/06,10
鹿児島県,ペルー,2025/06,19
沖縄県,ペルー,2025/06,301
未定・不詳,ペルー,2025/06,13
総数,バングラデシュ,2025/06,40045
北海道,バングラデシュ,2025/06,342
青森県,バングラデシュ,2025/06,20
岩手県,バングラデシュ,2025/06,162
宮城県,バングラデシュ,2025/06,588
秋田県,バングラデシュ,2025/06,15
山形県,バングラデシュ,2025/06,98
福島県,バングラデシュ,2025/06,172
茨城県,バングラデシュ,2025/06,1739
栃木県,バングラデシュ,2025/06,834
群馬県,バングラデシュ,2025/06,2339
埼玉県,バングラデシュ,2025/06,5571
千葉県,バングラデシュ,2025/06,2395
東京都,バングラデシュ,2025/06,8994
神奈川県,バングラデシュ,2025/06,2752
新潟県,バングラデシュ,2025/06,168
富山県,バングラデシュ,2025/06,183
石川県,バングラデシュ,2025/06,291
福井県,バングラデシュ,2025/06,186
山梨県,バングラデシュ,2025/06,124
長野県,バングラデシュ,2025/06,194
岐阜県,バングラデシュ,2025/06,464
静岡県,バングラデシュ,2025/06,698
愛知県,バングラデシュ,2025/06,1604
三重県,バングラデシュ,2025/06,312
滋賀県,バングラデシュ,2025/06,142
京都府,バングラデシュ,2025/06,765
大阪府,バングラデシュ,2025/06,2743
兵庫県,バングラデシュ,2025/06,1979
奈良県,バングラデシュ,2025/06,246
和歌山県,バングラデシュ,2025/06,55
鳥取県,バングラデシュ,2025/06,35
島根県,バングラデシュ,2025/06,177
岡山県,バングラデシュ,2025/06,412
広島県,バングラデシュ,2025/06,729
山口県,バングラデシュ,2025/06,231
徳島県,バングラデシュ,2025/06,144
香川県,バングラデシュ,2025/06,142
愛媛県,バングラデシュ,2025/06,115
高知県,バングラデシュ,2025/06,107
福岡県,バングラデシュ,2025/06,701
佐賀県,バングラデシュ,2025/06,138
長崎県,バングラデシュ,2025/06,61
熊本県,バングラデシュ,2025/06,143
大分県,バングラデシュ,2025/06,326
宮崎県,バングラデシュ,2025/06,138
鹿児島県,バングラデシュ,2025/06,83
沖縄県,バングラデシュ,2025/06,133
未定・不詳,バングラデシュ,2025/06,55
総数,パキスタン,2025/06,32478
北海道,パキスタン,2025/06,937
青森県,パキスタン,2025/06,130
岩手県,パキスタン,2025/06,105
宮城県,パキスタン,2025/06,556
秋田県,パキスタン,2025/06,66
山形県,パキスタン,2025/06,100
福島県,パキスタン,2025/06,268
茨城県,パキスタン,2025/06,3750
栃木県,パキスタン,2025/06,2276
群馬県,パキスタン,2025/06,1634
埼玉県,パキスタン,2025/06,4287
千葉県,パキスタン,2025/06,2702
東京都,パキスタン,2025/06,1856
神奈川県,パキスタン,2025/06,1765
新潟県,パキスタン,2025/06,455
富山県,パキスタン,2025/06,867
石川県,パキスタン,2025/06,64
福井県,パキスタン,2025/06,35
山梨県,パキスタン,2025/06,117
長野県,パキスタン,2025/06,488
岐阜県,パキスタン,2025/06,919
静岡県,パキスタン,2025/06,691
愛知県,パキスタン,2025/06,3270
三重県,パキスタン,2025/06,373
滋賀県,パキスタン,2025/06,90
京都府,パキスタン,2025/06,335
大阪府,パキスタン,2025/06,1215
兵庫県,パキスタン,2025/06,649
奈良県,パキスタン,2025/06,89
和歌山県,パキスタン,2025/06,28
鳥取県,パキスタン,2025/06,50
島根県,パキスタン,2025/06,81
岡山県,パキスタン,2025/06,296
広島県,パキスタン,2025/06,201
山口県,パキスタン,2025/06,58
徳島県,パキスタン,2025/06,105
香川県,パキスタン,2025/06,101
愛媛県,パキスタン,2025/06,71
高知県,パキスタン,2025/06,22
福岡県,パキスタン,2025/06,615
佐賀県,パキスタン,2025/06,82
長崎県,パキスタン,2025/06,18
熊本県,パキスタン,2025/06,221
大分県,パキスタン,2025/06,92
宮崎県,パキスタン,2025/06,70
鹿児島県,パキスタン,2025/06,115
沖縄県,パキスタン,2025/06,105
未定・不詳,パキスタン,2025/06,58
総数,カンボジア,2025/06,27887
北海道,カンボジア,2025/06,686
青森県,カンボジア,2025/06,226
岩手県,カンボジア,2025/06,206
宮城県,カンボジア,2025/06,237
秋田県,カンボジア,2025/06,101
山形県,カンボジア,2025/06,168
福島県,カンボジア,2025/06,222
茨城県,カンボジア,2025/06,1521
栃木県,カンボジア,2025/06,471
群馬県,カンボジア,2025/06,535
埼玉県,カンボジア,2025/06,1199
千葉県,カンボジア,2025/06,1443
東京都,カンボジア,2025/06,1219
神奈川県,カンボジア,2025/06,2983
新潟県,カンボジア,2025/06,166
富山県,カンボジア,2025/06,287
石川県,カンボジア,2025/06,186
福井県,カンボジア,2025/06,357
山梨県,カンボジア,2025/06,120
長野県,カンボジア,2025/06,344
岐阜県,カンボジア,2025/06,1374
静岡県,カンボジア,2025/06,656
愛知県,カンボジア,2025/06,2222
三重県,カンボジア,2025/06,462
滋賀県,カンボジア,2025/06,254
京都府,カンボジア,2025/06,632
大阪府,カンボジア,2025/06,1046
兵庫県,カンボジア,2025/06,870
奈良県,カンボジア,2025/06,119
和歌山県,カンボジア,2025/06,56
鳥取県,カンボジア,2025/06,104
島根県,カンボジア,2025/06,211
岡山県,カンボジア,2025/06,514
広島県,カンボジア,2025/06,522
山口県,カンボジア,2025/06,164
徳島県,カンボジア,2025/06,302
香川県,カンボジア,2025/06,763
愛媛県,カンボジア,2025/06,427
高知県,カンボジア,2025/06,172
福岡県,カンボジア,2025/06,964
佐賀県,カンボジア,2025/06,164
長崎県,カンボジア,2025/06,549
熊本県,カンボジア,2025/06,1556
大分県,カンボジア,2025/06,407
宮崎県,カンボジア,2025/06,256
鹿児島県,カンボジア,2025/06,289
沖縄県,カンボジア,2025/06,121
未定・不詳,カンボジア,2025/06,34
総数,朝鮮,2025/06,22711
北海道,朝鮮,2025/06,461
青森県,朝鮮,2025/06,50
岩手県,朝鮮,2025/06,70
宮城県,朝鮮,2025/06,207
秋田県,朝鮮,2025/06,38
山形県,朝鮮,2025/06,28
福島県,朝鮮,2025/06,148
茨城県,朝鮮,2025/06,261
栃木県,朝鮮,2025/06,152
群馬県,朝鮮,2025/06,264
埼玉県,朝鮮,2025/06,1191
千葉県,朝鮮,2025/06,577
東京都,朝鮮,2025/06,4185
神奈川県,朝鮮,2025/06,1258
新潟県,朝鮮,2025/06,96
富山県,朝鮮,2025/06,77
石川県,朝鮮,2025/06,143
福井県,朝鮮,2025/06,204
山梨県,朝鮮,2025/06,33
長野県,朝鮮,2025/06,245
岐阜県,朝鮮,2025/06,387
静岡県,朝鮮,2025/06,289
愛知県,朝鮮,2025/06,1576
三重県,朝鮮,2025/06,262
滋賀県,朝鮮,2025/06,255
京都府,朝鮮,2025/06,1296
大阪府,朝鮮,2025/06,3597
兵庫県,朝鮮,2025/06,2138
奈良県,朝鮮,2025/06,134
和歌山県,朝鮮,2025/06,128
鳥取県,朝鮮,2025/06,85
島根県,朝鮮,2025/06,39
岡山県,朝鮮,2025/06,286
広島県,朝鮮,2025/06,615
山口県,朝鮮,2025/06,524
徳島県,朝鮮,2025/06,24
香川県,朝鮮,2025/06,45
愛媛県,朝鮮,2025/06,87
高知県,朝鮮,2025/06,29
福岡県,朝鮮,2025/06,923
佐賀県,朝鮮,2025/06,62
長崎県,朝鮮,2025/06,28
熊本県,朝鮮,2025/06,45
大分県,朝鮮,2025/06,112
宮崎県,朝鮮,2025/06,8
鹿児島県,朝鮮,2025/06,27
沖縄県,朝鮮,2025/06,20
未定・不詳,朝鮮,2025/06,2
総数,モンゴル,2025/06,21186
北海道,モンゴル,2025/06,644
青森県,モンゴル,2025/06,60
岩手県,モンゴル,2025/06,99
宮城県,モンゴル,2025/06,165
秋田県,モンゴル,2025/06,91
山形県,モンゴル,2025/06,92
福島県,モンゴル,2025/06,124
茨城県,モンゴル,2025/06,569
栃木県,モンゴル,2025/06,303
群馬県,モンゴル,2025/06,447
埼玉県,モンゴル,2025/06,2737
千葉県,モンゴル,2025/06,2749
東京都,モンゴル,2025/06,5608
神奈川県,モンゴル,2025/06,1983
新潟県,モンゴル,2025/06,343
富山県,モンゴル,2025/06,173
石川県,モンゴル,2025/06,120
福井県,モンゴル,2025/06,54
山梨県,モンゴル,2025/06,236
長野県,モンゴル,2025/06,158
岐阜県,モンゴル,2025/06,128
静岡県,モンゴル,2025/06,232
愛知県,モンゴル,2025/06,903
三重県,モンゴル,2025/06,269
滋賀県,モンゴル,2025/06,89
京都府,モンゴル,2025/06,226
大阪府,モンゴル,2025/06,805
兵庫県,モンゴル,2025/06,403
奈良県,モンゴル,2025/06,67
和歌山県,モンゴル,2025/06,45
鳥取県,モンゴル,2025/06,45
島根県,モンゴル,2025/06,38
岡山県,モンゴル,2025/06,74
広島県,モンゴル,2025/06,115
山口県,モンゴル,2025/06,18
徳島県,モンゴル,2025/06,83
香川県,モンゴル,2025/06,60
愛媛県,モンゴル,2025/06,17
高知県,モンゴル,2025/06,51
福岡県,モンゴル,2025/06,324
佐賀県,モンゴル,2025/06,14
長崎県,モンゴル,2025/06,22
熊本県,モンゴル,2025/06,41
大分県,モンゴル,2025/06,216
宮崎県,モンゴル,2025/06,42
鹿児島県,モンゴル,2025/06,30
沖縄県,モンゴル,2025/06,43
未定・不詳,モンゴル,2025/06,31
総数,英国,2025/06,20532
北海道,英国,2025/06,723
青森県,英国,2025/06,34
岩手県,英国,2025/06,129
宮城県,英国,2025/06,146
秋田県,英国,2025/06,57
山形県,英国,2025/06,52
福島県,英国,2025/06,100
茨城県,英国,2025/06,231
栃木県,英国,2025/06,138
群馬県,英国,2025/06,136
埼玉県,英国,2025/06,763
千葉県,英国,2025/06,1018
東京都,英国,2025/06,7596
神奈川県,英国,2025/06,1948
新潟県,英国,2025/06,142
富山県,英国,2025/06,48
石川県,英国,2025/06,96
福井県,英国,2025/06,29
山梨県,英国,2025/06,106
長野県,英国,2025/06,377
岐阜県,英国,2025/06,120
静岡県,英国,2025/06,280
愛知県,英国,2025/06,728
三重県,英国,2025/06,83
滋賀県,英国,2025/06,102
京都府,英国,2025/06,682
大阪府,英国,2025/06,1418
兵庫県,英国,2025/06,757
奈良県,英国,2025/06,103
和歌山県,英国,2025/06,44
鳥取県,英国,2025/06,42
島根県,英国,2025/06,29
岡山県,英国,2025/06,125
広島県,英国,2025/06,225
山口県,英国,2025/06,66
徳島県,英国,2025/06,34
香川県,英国,2025/06,60
愛媛県,英国,2025/06,83
高知県,英国,2025/06,68
福岡県,英国,2025/06,682
佐賀県,英国,2025/06,38
長崎県,英国,2025/06,79
熊本県,英国,2025/06,121
大分県,英国,2025/06,68
宮崎県,英国,2025/06,66
鹿児島県,英国,2025/06,104
沖縄県,英国,2025/06,290
未定・不詳,英国,2025/06,166
総数,その他,2025/06,211008
北海道,その他,2025/06,5173
青森県,その他,2025/06,357
岩手県,その他,2025/06,390
宮城県,その他,2025/06,1737
秋田県,その他,2025/06,469
山形県,その他,2025/06,391
福島県,その他,2025/06,787
茨城県,その他,2025/06,5044
栃木県,その他,2025/06,2316
群馬県,その他,2025/06,3038
埼玉県,その他,2025/06,14088
千葉県,その他,2025/06,14136
東京都,その他,2025/06,62633
神奈川県,その他,2025/06,21431
新潟県,その他,2025/06,1551
富山県,その他,2025/06,1503
石川県,その他,2025/06,842
福井県,その他,2025/06,405
山梨県,その他,2025/06,1031
長野県,その他,2025/06,2819
岐阜県,その他,2025/06,1514
静岡県,その他,2025/06,3520
愛知県,その他,2025/06,12072
三重県,その他,2025/06,2622
滋賀県,その他,2025/06,1597
京都府,その他,2025/06,6574
大阪府,その他,2025/06,13805
兵庫県,その他,2025/06,7031
奈良県,その他,2025/06,1042
和歌山県,その他,2025/06,461
鳥取県,その他,2025/06,310
島根県,その他,2025/06,275
岡山県,その他,2025/06,1215
広島県,その他,2025/06,2474
山口県,その他,2025/06,551
徳島県,その他,2025/06,468
香川県,その他,2025/06,651
愛媛県,その他,2025/06,576
高知県,その他,2025/06,310
福岡県,その他,2025/06,5140
佐賀県,その他,2025/06,310
長崎県,その他,2025/06,778
熊本県,その他,2025/06,895
大分県,その他,2025/06,1157
宮崎県,その他,2025/06,628
鹿児島県,その他,2025/06,711
沖縄県,その他,2025/06,2388
未定・不詳,その他,2025/06,1792
